{"errors":[],"warnings":[],"namedChunkGroups":{"app":{"chunks":[9,2],"assets":["webpack-runtime-5fb6cad17dac87b01004.js","webpack-runtime-5fb6cad17dac87b01004.js.map","app-578f56f4ee34d376d202.js","app-578f56f4ee34d376d202.js.map"],"children":{},"childAssets":{}},"component---node-modules-gatsby-plugin-offline-app-shell-js":{"chunks":[3],"assets":["component---node-modules-gatsby-plugin-offline-app-shell-js-f5b1c878ff048b0526e6.js","component---node-modules-gatsby-plugin-offline-app-shell-js-f5b1c878ff048b0526e6.js.map"],"children":{},"childAssets":{}},"component---src-pages-404-js":{"chunks":[0,4],"assets":["0.452655bea968a9465987.css","0-952cc7b8377ed538df02.js","0-952cc7b8377ed538df02.js.map","component---src-pages-404-js-1c8a786795921edf3a5c.js","component---src-pages-404-js-1c8a786795921edf3a5c.js.map"],"children":{},"childAssets":{}},"component---src-pages-generic-js":{"chunks":[1,0,5],"assets":["1-b10fd841bb1992915674.js","1-b10fd841bb1992915674.js.map","0.452655bea968a9465987.css","0-952cc7b8377ed538df02.js","0-952cc7b8377ed538df02.js.map","component---src-pages-generic-js-1c0b116a45bb697ad452.js","component---src-pages-generic-js-1c0b116a45bb697ad452.js.map"],"children":{},"childAssets":{}},"component---src-pages-index-js":{"chunks":[1,8,0,6],"assets":["1-b10fd841bb1992915674.js","1-b10fd841bb1992915674.js.map","8-2f6673266df4e9ad3895.js","8-2f6673266df4e9ad3895.js.map","0.452655bea968a9465987.css","0-952cc7b8377ed538df02.js","0-952cc7b8377ed538df02.js.map","component---src-pages-index-js-5366202e48dac8f5155c.js","component---src-pages-index-js-5366202e48dac8f5155c.js.map"],"children":{},"childAssets":{}}},"assetsByChunkName":{"app":["webpack-runtime-5fb6cad17dac87b01004.js","app-578f56f4ee34d376d202.js"],"component---node-modules-gatsby-plugin-offline-app-shell-js":["component---node-modules-gatsby-plugin-offline-app-shell-js-f5b1c878ff048b0526e6.js"],"component---src-pages-404-js":["0.452655bea968a9465987.css","0-952cc7b8377ed538df02.js","component---src-pages-404-js-1c8a786795921edf3a5c.js"],"component---src-pages-generic-js":["1-b10fd841bb1992915674.js","0.452655bea968a9465987.css","0-952cc7b8377ed538df02.js","component---src-pages-generic-js-1c0b116a45bb697ad452.js"],"component---src-pages-index-js":["1-b10fd841bb1992915674.js","8-2f6673266df4e9ad3895.js","0.452655bea968a9465987.css","0-952cc7b8377ed538df02.js","component---src-pages-index-js-5366202e48dac8f5155c.js"]}}